id,nome,siglaPartido,siglaUf,idLegislatura,email
204379,Acácio Favacho,MDB,AP,57,dep.acaciofavacho@camara.leg.br
220714,Adail Filho,MDB,AM,57,dep.adailfilho@camara.leg.br
221328,Adilson Barroso,PL,SP,57,dep.adilsonbarroso@camara.leg.br
204560,Adolfo Viana,PSDB,BA,57,dep.adolfoviana@camara.leg.br
204528,Adriana Ventura,NOVO,SP,57,dep.adrianaventura@camara.leg.br
121948,Adriano do Baldy,PP,GO,57,dep.adrianodobaldy@camara.leg.br
74646,Aécio Neves,PSDB,MG,57,dep.aecioneves@camara.leg.br
160508,Afonso Florence,PT,BA,57,dep.afonsoflorence@camara.leg.br
136811,Afonso Hamm,PP,RS,57,dep.afonsohamm@camara.leg.br
178835,Afonso Motta,PDT,RS,57,dep.afonsomotta@camara.leg.br
160527,Aguinaldo Ribeiro,PP,PB,57,dep.aguinaldoribeiro@camara.leg.br
204495,Airton Faleiro,PT,PA,57,dep.airtonfaleiro@camara.leg.br
204549,AJ Albuquerque,PP,CE,57,dep.ajalbuquerque@camara.leg.br
73579,Alberto Fraga,PL,DF,57,dep.albertofraga@camara.leg.br
220538,Albuquerque,REPUBLICANOS,RR,57,dep.albuquerque@camara.leg.br
160559,Alceu Moreira,MDB,RS,57,dep.alceumoreira@camara.leg.br
204501,Alencar Santana,PT,SP,57,dep.alencarsantana@camara.leg.br
178972,Alex Manente,CIDADANIA,SP,57,dep.alexmanente@camara.leg.br
220542,Alexandre Guimarães,MDB,TO,57,dep.alexandreguimaraes@camara.leg.br
160545,Alexandre Leite,UNIÃO,SP,57,dep.alexandreleite@camara.leg.br
220554,Alexandre Lindenmeyer,PT,RS,57,dep.alexandrelindenmeyer@camara.leg.br
221148,Alfredinho,PT,SP,57,dep.alfredinho@camara.leg.br
220576,Alfredo Gaspar,PL,AL,57,dep.alfredogaspar@camara.leg.br
74057,Alice Portugal,PCdoB,BA,57,dep.aliceportugal@camara.leg.br
178927,Aliel Machado,PV,PR,57,dep.alielmachado@camara.leg.br
204353,Aline Gurgel,UNIÃO,AP,57,dep.alinegurgel@camara.leg.br
178937,Altineu Côrtes,PL,RJ,57,dep.altineucortes@camara.leg.br
178881,Aluisio Mendes,REPUBLICANOS,MA,57,dep.aluisiomendes@camara.leg.br
220707,Amanda Gentil,PP,MA,57,dep.amandagentil@camara.leg.br
204356,Amaro Neto,PP,ES,57,dep.amaroneto@camara.leg.br
220715,Amom Mandel,REPUBLICANOS,AM,57,dep.amommandel@camara.leg.br
107970,Ana Paula Leão,PP,MG,57,dep.anapaulaleao@camara.leg.br
220556,Ana Paula Lima,PT,SC,57,dep.anapaulalima@camara.leg.br
220632,Ana Pimentel,PT,MG,57,dep.anapimentel@camara.leg.br
178831,André Abdon,PP,AP,57,dep.andreabdon@camara.leg.br
220657,André Fernandes,PL,CE,57,dep.andrefernandes@camara.leg.br
204423,André Ferreira,PL,PE,57,dep.andreferreira@camara.leg.br
133439,André Figueiredo,PDT,CE,57,dep.andrefigueiredo@camara.leg.br
178882,André Fufuca,PP,MA,57,dep.andrefufuca@camara.leg.br
204515,André Janones,REDE,MG,57,dep.andrejanones@camara.leg.br
220676,Andreia Siqueira,PSB,PA,57,dep.andreiasiqueira@camara.leg.br
123756,Antônia Lúcia,MDB,AC,57,dep.antonialucia@camara.leg.br
220544,Antonio Andrade,PSDB,TO,57,dep.antonioandrade@camara.leg.br
160553,Antonio Brito,PSD,BA,57,dep.antoniobrito@camara.leg.br
220638,Antonio Carlos Rodrigues,PODE,SP,57,dep.antoniocarlosrodrigues@camara.leg.br
220675,Antônio Doido,MDB,PA,57,dep.antoniodoido@camara.leg.br
220549,Any Ortiz,PP,RS,57,dep.anyortiz@camara.leg.br
73433,Arlindo Chinaglia,PT,SP,57,dep.arlindochinaglia@camara.leg.br
141391,Arnaldo Jardim,CIDADANIA,SP,57,dep.arnaldojardim@camara.leg.br
160541,Arthur Lira,PP,AL,57,dep.arthurlira@camara.leg.br
160600,Arthur Oliveira Maia,UNIÃO,BA,57,dep.arthuroliveiramaia@camara.leg.br
74090,Átila Lins,PSD,AM,57,dep.atilalins@camara.leg.br
123086,Átila Lira,PP,PI,57,dep.atilamlira@camara.leg.br
160665,Augusto Coutinho,REPUBLICANOS,PE,57,dep.augustocoutinho@camara.leg.br
160512,Aureo Ribeiro,SOLIDARIEDADE,RJ,57,dep.aureoribeiro@camara.leg.br
69871,Bacelar,PV,BA,57,dep.bacelar@camara.leg.br
178975,Baleia Rossi,MDB,SP,57,dep.baleiarossi@camara.leg.br
220605,Bandeira de Mello,PV,RJ,57,dep.bandeirademello@camara.leg.br
220612,Bebeto,PP,RJ,57,dep.bebeto@camara.leg.br
73701,Benedita da Silva,PT,RJ,57,dep.beneditadasilva@camara.leg.br
109429,Benes Leocádio,UNIÃO,RN,57,dep.benesleocadio@camara.leg.br
204358,Beto Pereira,REPUBLICANOS,MS,57,dep.betopereira@camara.leg.br
220698,Beto Preto,PSD,PR,57,dep.betopreto@camara.leg.br
220683,Beto Richa,PSDB,PR,57,dep.betoricha@camara.leg.br
204374,Bia Kicis,PL,DF,57,dep.biakicis@camara.leg.br
204388,Bibo Nunes,PL,RS,57,dep.bibonunes@camara.leg.br
160538,Bohn Gass,PT,RS,57,dep.bohngass@camara.leg.br
210989,Bruno Farias,REPUBLICANOS,MG,57,dep.brunofarias@camara.leg.br
220635,Bruno Ganem,PODE,SP,57,dep.brunoganem@camara.leg.br
220574,Cabo Gilberto Silva,PL,PB,57,dep.cabogilbertosilva@camara.leg.br
220548,Camila Jara,PT,MS,57,dep.camilajara@camara.leg.br
204572,Capitão Alberto Neto,PL,AM,57,dep.capitaoalbertoneto@camara.leg.br
220690,Capitão Alden,PL,BA,57,dep.capitaoalden@camara.leg.br
178829,Capitão Augusto,PL,SP,57,dep.capitaoaugusto@camara.leg.br
213762,Carla Dickson,PL,RN,57,dep.carladickson@camara.leg.br
204361,Carlos Chiodini,MDB,SC,57,dep.carloschiodini@camara.leg.br
178962,Carlos Gomes,REPUBLICANOS,RS,57,dep.carlosgomes@camara.leg.br
178993,Carlos Henrique Gaguim,UNIÃO,TO,57,dep.carloshenriquegaguim@camara.leg.br
204460,Carlos Jordy,PL,RJ,57,dep.carlosjordy@camara.leg.br
74262,Carlos Sampaio,PSD,SP,57,dep.carlossampaio@camara.leg.br
204426,Carlos Veras,PT,PE,57,dep.carlosveras@camara.leg.br
141398,Carlos Zarattini,PT,SP,57,dep.carloszarattini@camara.leg.br
220704,Carol Dartora,PT,PR,57,dep.caroldartora@camara.leg.br
204369,Caroline de Toni,PL,SC,57,dep.carolinedetoni@camara.leg.br
220699,Castro Neto,MDB,PI,57,dep.castroneto@camara.leg.br
206018,Célia Xakriabá,PSOL,MG,57,dep.celiaxakriaba@camara.leg.br
178876,Célio Silveira,MDB,GO,57,dep.celiosilveira@camara.leg.br
204488,Célio Studart,PSD,CE,57,dep.celiostudart@camara.leg.br
73441,Celso Russomanno,REPUBLICANOS,SP,57,dep.celsorussomanno@camara.leg.br
204496,Celso Sabino,PDT,PA,57,dep.celsosabino@camara.leg.br
204504,Cezinha de Madureira,PL,SP,57,dep.cezinhademadureira@camara.leg.br
205476,Charles Fernandes,PSD,BA,57,dep.charlesfernandes@camara.leg.br
74171,Chico Alencar,PSOL,RJ,57,dep.chicoalencar@camara.leg.br
204462,Chris Tonietto,PL,RJ,57,dep.christonietto@camara.leg.br
220665,Clarissa Tércio,PP,PE,57,dep.clarissatercio@camara.leg.br
74537,Claudio Cajado,PP,BA,57,dep.claudiocajado@camara.leg.br
141408,Cleber Verde,MDB,MA,57,dep.cleberverde@camara.leg.br
88256,Clodoaldo Magalhães,PV,PE,57,dep.clodoaldomagalhaes@camara.leg.br
98148,Cobalchini,MDB,SC,57,dep.cobalchini@camara.leg.br
220594,Coronel Assis,PL,MT,57,dep.coronelassis@camara.leg.br
204378,Coronel Chrisóstomo,PL,RO,57,dep.coronelchrisostomo@camara.leg.br
220595,Coronel Fernanda,PL,MT,57,dep.coronelfernanda@camara.leg.br
220666,Coronel Meira,PL,PE,57,dep.coronelmeira@camara.leg.br
220590,Coronel Ulysses,UNIÃO,AC,57,dep.coronelulysses@camara.leg.br
220608,Cristiane Lopes,PODE,RO,57,dep.cristianelopes@camara.leg.br
204355,Da Vitoria,PP,ES,57,dep.davitoria@camara.leg.br
141411,Dagoberto Nogueira,PP,MS,57,dep.dagobertonogueira@camara.leg.br
220555,Daiana Santos,PCdoB,RS,57,dep.daianasantos@camara.leg.br
220692,Dal Barreto,UNIÃO,BA,57,dep.dalbarreto@camara.leg.br
74467,Damião Feliciano,UNIÃO,PB,57,dep.damiaofeliciano@camara.leg.br
220629,Dandara,PT,MG,57,dep.dandara@camara.leg.br
220603,Dani Cunha,PL,RJ,57,dep.danicunha@camara.leg.br
220571,Daniel Agrobom,PSD,GO,57,dep.danielagrobom@camara.leg.br
74060,Daniel Almeida,PCdoB,BA,57,dep.danielalmeida@camara.leg.br
220582,Daniel Barbosa,PP,AL,57,dep.danielbarbosa@camara.leg.br
204367,Daniel Freitas,PL,SC,57,dep.danielfreitas@camara.leg.br
204409,Daniel Trzeciak,PSDB,RS,57,dep.danieltrzeciak@camara.leg.br
204459,Daniela do Waguinho,REPUBLICANOS,RJ,57,dep.danieladowaguinho@camara.leg.br
220557,Daniela Reinehr,PL,SC,57,dep.danielareinehr@camara.leg.br
62881,Danilo Forte,PP,CE,57,dep.daniloforte@camara.leg.br
160552,Danrlei de Deus Hinterholz,PSD,RS,57,dep.danrleidedeushinterholz@camara.leg.br
204511,David Soares,PODE,SP,57,dep.davidsoares@camara.leg.br
220659,Dayany Bittencourt,UNIÃO,CE,57,dep.dayanybittencourt@camara.leg.br
220539,Defensor Stélio Dener,UNIÃO,RR,57,dep.defensorsteliodener@camara.leg.br
220565,Delegada Adriana Accorsi,PT,GO,57,dep.delegadaadrianaaccorsi@camara.leg.br
220625,Delegada Ione,PL,MG,57,dep.delegadaione@camara.leg.br
220561,Delegada Katarina,PSD,SE,57,dep.delegadakatarina@camara.leg.br
220642,Delegado Bruno Lima,PODE,SP,57,dep.delegadobrunolima@camara.leg.br
220673,Delegado Caveira,PL,PA,57,dep.delegadocaveira@camara.leg.br
220649,Delegado da Cunha,UNIÃO,SP,57,dep.delegadodacunha@camara.leg.br
178908,Delegado Éder Mauro,PL,PA,57,dep.delegadoedermauro@camara.leg.br
220583,Delegado Fabio Costa,PP,AL,57,dep.delegadofabiocosta@camara.leg.br
204512,Delegado Marcelo Freitas,UNIÃO,MG,57,dep.delegadomarcelofreitas@camara.leg.br
220701,Delegado Matheus Laiola,UNIÃO,PR,57,dep.delegadomatheuslaiola@camara.leg.br
220652,Delegado Palumbo,PODE,SP,57,dep.delegadopalumbo@camara.leg.br
220654,Delegado Paulo Bilynskyj,PL,SP,57,dep.delegadopaulobilynskyj@camara.leg.br
220553,Denise Pessôa,PT,RS,57,dep.denisepessoa@camara.leg.br
160588,Diego Andrade,PSD,MG,57,dep.diegoandrade@camara.leg.br
220691,Diego Coronel,REPUBLICANOS,BA,57,dep.diegocoronel@camara.leg.br
178929,Diego Garcia,UNIÃO,PR,57,dep.diegogarcia@camara.leg.br
73768,Dilceu Sperafico,PP,PR,57,dep.dilceusperafico@camara.leg.br
220671,Dilvanda Faro,PT,PA,57,dep.dilvandafaro@camara.leg.br
160599,Dimas Fabiano,PP,MG,57,dep.dimasfabiano@camara.leg.br
220602,Dimas Gadelha,PT,RJ,57,dep.dimasgadelha@camara.leg.br
143632,Domingos Neto,PSD,CE,57,dep.domingosneto@camara.leg.br
160758,Domingos Sávio,PL,MG,57,dep.domingossavio@camara.leg.br
220573,Dorinaldo Malafaia,PDT,AP,57,dep.dorinaldomalafaia@camara.leg.br
204450,Doutor Luizinho,PP,RJ,57,dep.doutorluizinho@camara.leg.br
227991,Dr Flávio,PL,RJ,57,dep.drflavio@camara.leg.br
220614,Dr. Daniel Soranz,PSD,RJ,57,dep.dr.danielsoranz@camara.leg.br
220610,Dr. Fernando Máximo,PL,RO,57,dep.dr.fernandomaximo@camara.leg.br
220688,Dr. Francisco,PT,PI,57,dep.dr.francisco@camara.leg.br
204518,Dr. Frederico,PL,MG,57,dep.dr.frederico@camara.leg.br
220570,Dr. Ismael Alexandrino,PSD,GO,57,dep.dr.ismaelalexandrino@camara.leg.br
204481,Dr. Jaziel,PL,CE,57,dep.dr.jaziel@camara.leg.br
204351,Dr. Luiz Ovando,PP,MS,57,dep.dr.luizovando@camara.leg.br
220528,Dr. Victor Linhalis,PSB,ES,57,dep.dr.victorlinhalis@camara.leg.br
204412,Dr. Zacharias Calil,MDB,GO,57,dep.dr.zachariascalil@camara.leg.br
220674,Dra. Alessandra Haber,PODE,PA,57,dep.dra.alessandrahaber@camara.leg.br
220686,Duarte Jr.,AVANTE,MA,57,dep.duartejr@camara.leg.br
220540,Duda Ramos,PODE,RR,57,dep.dudaramos@camara.leg.br
220623,Duda Salabert,PSOL,MG,57,dep.dudasalabert@camara.leg.br
204541,Eduardo Bismarck,PV,CE,57,dep.eduardobismarck@camara.leg.br
141421,Eduardo da Fonte,PP,PE,57,dep.eduardodafonte@camara.leg.br
220589,Eduardo Velloso,SOLIDARIEDADE,AC,57,dep.eduardovelloso@camara.leg.br
74075,Elcione Barbalho,MDB,PA,57,dep.elcionebarbalho@camara.leg.br
204364,Eli Borges,REPUBLICANOS,TO,57,dep.eliborges@camara.leg.br
178854,Elmar Nascimento,UNIÃO,BA,57,dep.elmarnascimento@camara.leg.br
198783,Emanuel Pinheiro Neto,PSD,MT,57,dep.emanuelpinheironeto@camara.leg.br
161550,Emidinho Madeira,PL,MG,57,dep.emidinhomadeira@camara.leg.br
230765,Enfermeira Rejane,PCdoB,RJ,57,dep.enfermeirarejane@camara.leg.br
220663,Eriberto Medeiros,PSB,PE,57,dep.eribertomedeiros@camara.leg.br
220645,Erika Hilton,PSOL,SP,57,dep.erikahilton@camara.leg.br
160575,Erika Kokay,PT,DF,57,dep.erikakokay@camara.leg.br
160640,Eros Biondini,PL,MG,57,dep.erosbiondini@camara.leg.br
74454,Eunício Oliveira,MDB,CE,57,dep.euniciooliveira@camara.leg.br
178871,Evair Vieira de Melo,REPUBLICANOS,ES,57,dep.evairvieirademelo@camara.leg.br
178905,Fabio Garcia,UNIÃO,MT,57,dep.fabiogarcia@camara.leg.br
220681,Fábio Macedo,PODE,MA,57,dep.fabiomacedo@camara.leg.br
171623,Fabio Reis,PSD,SE,57,dep.fabioreis@camara.leg.br
204368,Fabio Schiochet,UNIÃO,SC,57,dep.fabioschiochet@camara.leg.br
220653,Fábio Teruel,MDB,SP,57,dep.fabioteruel@camara.leg.br
220712,Fausto Jr.,UNIÃO,AM,57,dep.faustosantosjr@camara.leg.br
66828,Fausto Pinato,UNIÃO,SP,57,dep.faustopinato@camara.leg.br
220646,Felipe Becari,PODE,SP,57,dep.felipebecari@camara.leg.br
72442,Felipe Carreras,PSB,PE,57,dep.felipecarreras@camara.leg.br
204398,Felipe Francischini,PODE,PR,57,dep.felipefrancischini@camara.leg.br
160666,Félix Mendonça Júnior,PDT,BA,57,dep.felixmendoncajunior@camara.leg.br
204407,Fernanda Melchionna,PSOL,RS,57,dep.fernandamelchionna@camara.leg.br
220656,Fernanda Pessoa,PSD,CE,57,dep.fernandapessoa@camara.leg.br
141431,Fernando Coelho Filho,UNIÃO,PE,57,dep.fernandocoelhofilho@camara.leg.br
204445,Fernando Mineiro,PT,RN,57,dep.fernandomineiro@camara.leg.br
92699,Fernando Monteiro,PSD,PE,57,dep.fernandomonteiro@camara.leg.br
204427,Fernando Rodolfo,PRD,PE,57,dep.fernandorodolfo@camara.leg.br
204411,Filipe Barros,PL,PR,57,dep.filipebarros@camara.leg.br
220545,Filipe Martins,PL,TO,57,dep.filipemartins@camara.leg.br
160598,Flávia Morais,MDB,GO,57,dep.flaviamorais@camara.leg.br
191923,Flávio Nogueira,PT,PI,57,dep.flavionogueira@camara.leg.br
220700,Florentino Neto,PT,PI,57,dep.florentinoneto@camara.leg.br
220551,Franciane Bayer,REPUBLICANOS,RS,57,dep.francianebayer@camara.leg.br
204494,Fred Costa,PRD,MG,57,dep.fredcosta@camara.leg.br
220534,Fred Linhares,REPUBLICANOS,DF,57,dep.fredlinhares@camara.leg.br
224117,Gabriel Mota,UNIÃO,RR,57,dep.gabrielmota@camara.leg.br
220708,Gabriel Nunes,PSD,BA,57,dep.gabrielnunes@camara.leg.br
204473,General Girão,PL,RN,57,dep.generalgirao@camara.leg.br
220611,General Pazuello,PL,RJ,57,dep.generalpazuello@camara.leg.br
178966,Geovania de Sá,REPUBLICANOS,SC,57,dep.geovaniadesa@camara.leg.br
220702,Geraldo Mendes,UNIÃO,PR,57,dep.geraldomendes@camara.leg.br
74374,Geraldo Resende,UNIÃO,MS,57,dep.geraldoresende@camara.leg.br
204394,Gervásio Maia,PCdoB,PB,57,dep.gervasiomaia@camara.leg.br
204491,Gilberto Abramo,REPUBLICANOS,MG,57,dep.gilbertoabramo@camara.leg.br
74270,Gilberto Nascimento,PODE,SP,57,dep.gilbertonascimento@camara.leg.br
220529,Gilson Daniel,PODE,ES,57,dep.gilsondaniel@camara.leg.br
204365,Gilson Marques,NOVO,SC,57,dep.gilsonmarques@camara.leg.br
220526,Gilvan da Federal,PL,ES,57,dep.gilvandafederal@camara.leg.br
160673,Giovani Cherini,PL,RS,57,dep.giovanicherini@camara.leg.br
204419,Glaustin da Fokus,PODE,GO,57,dep.glaustindafokus@camara.leg.br
236284,Glaycon Franco,PSDB,MG,57,dep.glayconfranco@camara.leg.br
107283,Gleisi Hoffmann,PT,PR,57,dep.gleisihoffmann@camara.leg.br
198197,Greyce Elias,PL,MG,57,dep.greyceelias@camara.leg.br
204531,Guilherme Derrite,PP,SP,57,dep.guilhermederrite@camara.leg.br
220664,Guilherme Uchoa,PSD,PE,57,dep.guilhermeuchoa@camara.leg.br
220568,Gustavo Gayer,PL,GO,57,dep.gustavogayer@camara.leg.br
204408,Gustinho Ribeiro,PP,SE,57,dep.gustinhoribeiro@camara.leg.br
204456,Gutemberg Reis,MDB,RJ,57,dep.gutembergreis@camara.leg.br
178964,Heitor Schuch,PSD,RS,57,dep.heitorschuch@camara.leg.br
178873,Helder Salomão,PT,ES,57,dep.heldersalomao@camara.leg.br
220537,Helena Lima,PSD,RR,57,dep.helenalima@camara.leg.br
204444,Helio Lopes,PL,RJ,57,dep.heliolopes@camara.leg.br
234788,Heloísa Helena,REDE,RJ,57,dep.heloisahelena@camara.leg.br
220672,Henderson Pinto,UNIÃO,PA,57,dep.hendersonpinto@camara.leg.br
204539,Hercílio Coelho Diniz,MDB,MG,57,dep.herciliocoelhodiniz@camara.leg.br
178884,Hildo Rocha,MDB,MA,57,dep.hildorocha@camara.leg.br
141450,Hugo Leal,PSD,RJ,57,dep.hugoleal@camara.leg.br
160674,Hugo Motta,REPUBLICANOS,PB,57,dep.hugomotta@camara.leg.br
220563,Icaro de Valmir,REPUBLICANOS,SE,57,dep.icarodevalmir@camara.leg.br
204533,Idilvan Alencar,PSB,CE,57,dep.idilvanalencar@camara.leg.br
204508,Igor Timo,UNIÃO,MG,57,dep.igortimo@camara.leg.br
235620,Ilacir Bicalho,REPUBLICANOS,MG,57,dep.ilacirbicalho@camara.leg.br
74295,Inácio Arruda,PCdoB,CE,57,dep.inacioarruda@camara.leg.br
98615,Ismael,PL,SC,57,dep.ismael@camara.leg.br
204436,Isnaldo Bulhões Jr.,MDB,AL,57,dep.isnaldobulhoesjr@camara.leg.br
225846,Itamar Paim,PL,PR,57,dep.itamarpaim@camara.leg.br
220696,Ivoneide Caetano,PT,BA,57,dep.ivoneidecaetano@camara.leg.br
220670,Iza Arruda,MDB,PE,57,dep.izaarruda@camara.leg.br
220527,Jack Rocha,PT,ES,57,dep.jackrocha@camara.leg.br
220697,Jadyel Alencar,REPUBLICANOS,PI,57,dep.jadyelalencar@camara.leg.br
74848,Jandira Feghali,PCdoB,RJ,57,dep.jandirafeghali@camara.leg.br
220567,Jeferson Rodrigues,PSDB,GO,57,dep.jefersonrodrigues@camara.leg.br
74273,Jefferson Campos,PL,SP,57,dep.jeffersoncampos@camara.leg.br
141456,Jilmar Tatto,PT,SP,57,dep.jilmartatto@camara.leg.br
235869,João Carlos,REPUBLICANOS,AM,57,dep.joaocarlos@camara.leg.br
141458,João Carlos Bacelar,PL,BA,57,dep.joaocarlosbacelar@camara.leg.br
230957,João Cury,MDB,SP,57,dep.joaocury@camara.leg.br
178970,João Daniel,PT,SE,57,dep.joaodaniel@camara.leg.br
141459,João Maia,PP,RN,57,dep.joaomaia@camara.leg.br
178910,Joaquim Passarinho,PL,PA,57,dep.joaquimpassarinho@camara.leg.br
160548,Jonas Donizette,PSB,SP,57,dep.jonasdonizette@camara.leg.br
235800,Jorge Araújo,PP,BA,57,dep.jorgearaujo@camara.leg.br
205550,Jorge Braz,REPUBLICANOS,RJ,57,dep.jorgebraz@camara.leg.br
214694,Jorge Goetten,REPUBLICANOS,SC,57,dep.jorgegoetten@camara.leg.br
178857,Jorge Solla,PT,BA,57,dep.jorgesolla@camara.leg.br
141464,José Airton Félix Cirilo,PT,CE,57,dep.joseairtonfelixcirilo@camara.leg.br
204472,José Medeiros,PL,MT,57,dep.josemedeiros@camara.leg.br
204391,José Nelto,UNIÃO,GO,57,dep.josenelto@camara.leg.br
74079,José Priante,MDB,PA,57,dep.josepriante@camara.leg.br
74554,José Rocha,UNIÃO,BA,57,dep.joserocha@camara.leg.br
209189,Joseildo Ramos,PT,BA,57,dep.joseildoramos@camara.leg.br
220578,Josenildo,PDT,AP,57,dep.josenildo@camara.leg.br
215043,Josivaldo JP,UNIÃO,MA,57,dep.josivaldojp@camara.leg.br
204474,Juarez Costa,REPUBLICANOS,MT,57,dep.juarezcosta@camara.leg.br
220559,Julia Zanatta,PL,SC,57,dep.juliazanatta@camara.leg.br
220640,Juliana Cardoso,PT,SP,57,dep.julianacardoso@camara.leg.br
66385,Julio Arcoverde,PP,PI,57,dep.julioarcoverde@camara.leg.br
74317,Júlio Cesar,PSD,PI,57,dep.juliocesar@camara.leg.br
204372,Julio Cesar Ribeiro,REPUBLICANOS,DF,57,dep.juliocesarribeiro@camara.leg.br
74253,Julio Lopes,PP,RJ,57,dep.juliolopes@camara.leg.br
204457,Juninho do Pneu,PSDB,RJ,57,dep.juninhodopneu@camara.leg.br
204520,Junio Amaral,PL,MG,57,dep.junioamaral@camara.leg.br
204497,Júnior Ferrari,PSD,PA,57,dep.juniorferrari@camara.leg.br
204574,Junior Lourenço,MDB,MA,57,dep.juniorlourenco@camara.leg.br
204550,Júnior Mano,PSB,CE,57,dep.juniormano@camara.leg.br
178886,Juscelino Filho,PSDB,MA,57,dep.juscelinofilho@camara.leg.br
220677,Keniston Braga,MDB,PA,57,dep.kenistonbraga@camara.leg.br
162067,Kiko Celeguim,PT,SP,57,dep.kikoceleguim@camara.leg.br
204536,Kim Kataguiri,MISSÃO,SP,57,dep.kimkataguiri@camara.leg.br
98057,Lafayette de Andrada,PL,MG,57,dep.lafayettedeandrada@camara.leg.br
74856,Laura Carneiro,PSD,RJ,57,dep.lauracarneiro@camara.leg.br
178832,Leandre,PSD,PR,57,dep.leandre@camara.leg.br
220566,Lêda Borges,REPUBLICANOS,GO,57,dep.ledaborges@camara.leg.br
80815,Leo Prates,REPUBLICANOS,BA,57,dep.leoprates@camara.leg.br
74156,Leonardo Monteiro,PT,MG,57,dep.leonardomonteiro@camara.leg.br
92102,Leur Lomanto Júnior,UNIÃO,BA,57,dep.leurlomantojunior@camara.leg.br
139285,Lídice da Mata,PSB,BA,57,dep.lidicedamata@camara.leg.br
74585,Lincoln Portela,PL,MG,57,dep.lincolnportela@camara.leg.br
74858,Lindbergh Farias,PT,RJ,57,dep.lindberghfarias@camara.leg.br
220662,Lucas Ramos,PSB,PE,57,dep.lucasramos@camara.leg.br
204404,Lucas Redecker,PSD,RS,57,dep.lucasredecker@camara.leg.br
220581,Luciano Amaral,PSD,AL,57,dep.lucianoamaral@camara.leg.br
74478,Luciano Bivar,MDB,PE,57,dep.lucianobivar@camara.leg.br
178931,Luciano Ducci,PSB,PR,57,dep.lucianoducci@camara.leg.br
178954,Lucio Mosquini,PL,RO,57,dep.luciomosquini@camara.leg.br
204410,Luisa Canziani,UNIÃO,PR,57,dep.luisacanziani@camara.leg.br
141485,Luiz Carlos Busato,UNIÃO,RS,57,dep.luizcarlosbusato@camara.leg.br
73778,Luiz Carlos Hauly,PODE,PR,57,dep.luizcarloshauly@camara.leg.br
204485,Luiz Carlos Motta,PL,SP,57,dep.luizcarlosmotta@camara.leg.br
74041,Luiz Couto,PT,PB,57,dep.luizcouto@camara.leg.br
141487,Luiz Fernando Faria,UNIÃO,MG,57,dep.luizfernandofaria@camara.leg.br
220658,Luiz Gastão,PSD,CE,57,dep.luizgastao@camara.leg.br
204455,Luiz Lima,NOVO,RJ,57,dep.luizlima@camara.leg.br
162332,Luiz Nishimori,PSD,PR,57,dep.luiznishimori@camara.leg.br
204526,Luiz Philippe de Orleans e Bragança,PL,SP,57,dep.luizphilippedeorleansebraganca@camara.leg.br
74784,Luiza Erundina,PSOL,SP,57,dep.luizaerundina@camara.leg.br
178866,Luizianne Lins,REDE,CE,57,dep.luiziannelins@camara.leg.br
220669,Lula da Fonte,PP,PE,57,dep.luladafonte@camara.leg.br
166402,Magda Mofatto,PL,GO,57,dep.magdamofatto@camara.leg.br
220648,Marangoni,PODE,SP,57,dep.marangoni@camara.leg.br
156190,Marcel van Hattem,NOVO,RS,57,dep.marcelvanhattem@camara.leg.br
179000,Marcelo Álvaro Antônio,PL,MG,57,dep.marceloalvaroantonio@camara.leg.br
220599,Marcelo Crivella,REPUBLICANOS,RJ,57,dep.marcelocrivella@camara.leg.br
133810,Marcelo Moraes,PL,RS,57,dep.marcelomoraes@camara.leg.br
204558,Marcelo Nilo,REPUBLICANOS,BA,57,dep.marcelonilo@camara.leg.br
160161,Marcelo Queiroz,PSDB,RJ,57,dep.marceloqueiroz@camara.leg.br
178983,Marcio Alvino,PL,SP,57,dep.marcioalvino@camara.leg.br
179001,Márcio Biolchi,MDB,RS,57,dep.marciobiolchi@camara.leg.br
220687,Márcio Honaiser,SOLIDARIEDADE,MA,57,dep.marciohonaiser@camara.leg.br
81055,Márcio Jerry,PCdoB,MA,57,dep.marciojerry@camara.leg.br
150418,Márcio Marinho,REPUBLICANOS,BA,57,dep.marciomarinho@camara.leg.br
160535,Marcon,PT,RS,57,dep.marcon@camara.leg.br
204431,Marcos Aurélio Sampaio,MDB,PI,57,dep.marcosaureliosampaio@camara.leg.br
236375,Marcos Braz,PSDB,RJ,57,dep.marcosbraz@camara.leg.br
204506,Marcos Pereira,REPUBLICANOS,SP,57,dep.marcospereira@camara.leg.br
220547,Marcos Pollon,PL,MS,57,dep.marcospollon@camara.leg.br
178943,Marcos Soares,PSDB,RJ,57,dep.marcossoares@camara.leg.br
220604,Marcos Tavares,PDT,RJ,57,dep.marcostavares@camara.leg.br
220668,Maria Arraes,PSB,PE,57,dep.mariaarraes@camara.leg.br
74398,Maria do Rosário,PT,RS,57,dep.mariadorosario@camara.leg.br
204540,Maria Rosas,REPUBLICANOS,SP,57,dep.mariarosas@camara.leg.br
220637,Marina Silva,REDE,SP,57,dep.marinasilva@camara.leg.br
220655,Mario Frias,PL,SP,57,dep.mariofrias@camara.leg.br
74158,Mário Heringer,PDT,MG,57,dep.marioheringer@camara.leg.br
178858,Mário Negromonte Jr.,PSB,BA,57,dep.marionegromontejr@camara.leg.br
204566,Marreca Filho,PRD,MA,57,dep.marrecafilho@camara.leg.br
220572,Marussa Boldrin,REPUBLICANOS,GO,57,dep.marussaboldrin@camara.leg.br
178843,Marx Beltrão,UNIÃO,AL,57,dep.marxbeltrao@camara.leg.br
220661,Matheus Noronha,PL,CE,57,dep.matheusnoronha@camara.leg.br
220609,Maurício Carvalho,UNIÃO,RO,57,dep.mauriciocarvalho@camara.leg.br
220628,Mauricio do Vôlei,PL,MG,57,dep.mauriciodovolei@camara.leg.br
220550,Mauricio Marcon,PL,RS,57,dep.mauriciomarcon@camara.leg.br
220647,Mauricio Neves,PP,SP,57,dep.mauricioneves@camara.leg.br
204486,Mauro Benevides Filho,UNIÃO,CE,57,dep.maurobenevidesfilho@camara.leg.br
220607,Max Lemos,UNIÃO,RJ,57,dep.maxlemos@camara.leg.br
220591,Meire Serafim,UNIÃO,AC,57,dep.meireserafim@camara.leg.br
74428,Mendonça Filho,PL,PE,57,dep.mendoncafilho@camara.leg.br
188097,Merlong Solano,PT,PI,57,dep.merlongsolano@camara.leg.br
220585,Mersinho Lucena,PSD,PB,57,dep.mersinholucena@camara.leg.br
220530,Messias Donato,UNIÃO,ES,57,dep.messiasdonato@camara.leg.br
171786,Miguel Ângelo,PT,MG,57,dep.miguelangelo@camara.leg.br
178985,Miguel Lombardi,PL,SP,57,dep.miguellombardi@camara.leg.br
154178,Milton Vieira,REPUBLICANOS,SP,57,dep.miltonvieira@camara.leg.br
178895,Misael Varella,PSD,MG,57,dep.misaelvarella@camara.leg.br
160561,Missionário José Olimpio,PL,SP,57,dep.missionariojoseolimpio@camara.leg.br
178997,Moses Rodrigues,UNIÃO,CE,57,dep.mosesrodrigues@camara.leg.br
220617,Murillo Gouvea,PSDB,RJ,57,dep.murillogouvea@camara.leg.br
204453,Natália Bonavides,PT,RN,57,dep.nataliabonavides@camara.leg.br
204449,Nelson Barbudo,PODE,MT,57,dep.nelsonbarbudo@camara.leg.br
220622,Nely Aquino,PODE,MG,57,dep.nelyaquino@camara.leg.br
220703,Neto Carletto,AVANTE,BA,57,dep.netocarletto@camara.leg.br
178896,Newton Cardoso Jr,MDB,MG,57,dep.newtoncardosojr@camara.leg.br
204479,Nicoletti,PL,RR,57,dep.nicoletti@camara.leg.br
209787,Nikolas Ferreira,PL,MG,57,dep.nikolasferreira@camara.leg.br
178986,Nilto Tatto,PT,SP,57,dep.niltotatto@camara.leg.br
204498,Olival Marques,PODE,PA,57,dep.olivalmarques@camara.leg.br
178987,Orlando Silva,PCdoB,SP,57,dep.orlandosilva@camara.leg.br
73692,Osmar Terra,PL,RS,57,dep.osmarterra@camara.leg.br
204441,Otoni de Paula,PSD,RJ,57,dep.otonidepaula@camara.leg.br
220706,Padovani,PP,PR,57,dep.padovani@camara.leg.br
160556,Padre João,PT,MG,57,dep.padrejoao@camara.leg.br
180214,Pastor Diniz,UNIÃO,RR,57,dep.pastordiniz@camara.leg.br
160642,Pastor Eurico,PSDB,PE,57,dep.pastoreurico@camara.leg.br
204570,Pastor Gil,PL,MA,57,dep.pastorgil@camara.leg.br
220615,Pastor Henrique Vieira,PSOL,RJ,57,dep.pastorhenriquevieira@camara.leg.br
204553,Pastor Sargento Isidório,AVANTE,BA,57,dep.pastorsargentoisidorio@camara.leg.br
74160,Patrus Ananias,PT,MG,57,dep.patrusananias@camara.leg.br
171617,Paulão,PT,AL,57,dep.paulao@camara.leg.br
141518,Paulinho da Força,SOLIDARIEDADE,SP,57,dep.paulinhodaforca@camara.leg.br
141516,Paulo Abi-Ackel,PSDB,MG,57,dep.pauloabiackel@camara.leg.br
220650,Paulo Alexandre Barbosa,PSD,SP,57,dep.pauloalexandrebarbosa@camara.leg.br
178860,Paulo Azi,UNIÃO,BA,57,dep.pauloazi@camara.leg.br
160517,Paulo Folletto,PSB,ES,57,dep.paulofolletto@camara.leg.br
160558,Paulo Freire Costa,PL,SP,57,dep.paulofreirecosta@camara.leg.br
204492,Paulo Guedes,PT,MG,57,dep.pauloguedes@camara.leg.br
233592,Paulo Lemos,PT,AP,57,dep.paulolemos@camara.leg.br
220685,Paulo Litro,UNIÃO,PR,57,dep.paulolitro@camara.leg.br
74574,Paulo Magalhães,PSD,BA,57,dep.paulomagalhaes@camara.leg.br
128760,Paulo Marinho Jr,PL,MA,57,dep.paulomarinhojr@camara.leg.br
74400,Paulo Pimenta,PT,RS,57,dep.paulopimenta@camara.leg.br
141488,Paulo Teixeira,PT,SP,57,dep.pauloteixeira@camara.leg.br
220630,Pedro Aihara,PP,MG,57,dep.pedroaihara@camara.leg.br
220667,Pedro Campos,PSB,PE,57,dep.pedrocampos@camara.leg.br
122974,Pedro Lucas Fernandes,UNIÃO,MA,57,dep.pedrolucasfernandes@camara.leg.br
204395,Pedro Lupion,REPUBLICANOS,PR,57,dep.pedrolupion@camara.leg.br
122158,Pedro Paulo,PSD,RJ,57,dep.pedropaulo@camara.leg.br
160604,Pedro Uczai,PT,SC,57,dep.pedrouczai@camara.leg.br
204406,Pedro Westphalen,PP,RS,57,dep.pedrowestphalen@camara.leg.br
161440,Pezenti,MDB,SC,57,dep.pezenti@camara.leg.br
204524,Pinheirinho,PP,MG,57,dep.pinheirinho@camara.leg.br
73486,Pompeo de Mattos,PDT,RS,57,dep.pompeodemattos@camara.leg.br
160601,Pr. Marco Feliciano,PL,SP,57,dep.pr.marcofeliciano@camara.leg.br
220533,Prof. Reginaldo Veras,PV,DF,57,dep.prof.reginaldoveras@camara.leg.br
204390,Professor Alcides,PSDB,GO,57,dep.professoralcides@camara.leg.br
221338,Professora Luciene Cavalcante,PSOL,SP,57,dep.professoralucienecavalcante@camara.leg.br
160641,Professora Marcivania,PCdoB,AP,57,dep.professoramarcivania@camara.leg.br
220586,Rafael Brito,MDB,AL,57,dep.rafaelbrito@camara.leg.br
233594,Rafael Fera,PODE,RO,57,dep.rafaelfera@camara.leg.br
220532,Rafael Prudente,MDB,DF,57,dep.rafaelprudente@camara.leg.br
220626,Rafael Simoes,UNIÃO,MG,57,dep.rafaelsimoes@camara.leg.br
204567,Raimundo Costa,PSD,BA,57,dep.raimundocosta@camara.leg.br
74084,Raimundo Santos,PSD,PA,57,dep.raimundosantos@camara.leg.br
115200,Raniery Paulino,REPUBLICANOS,PB,57,dep.ranierypaulino@camara.leg.br
74161,Reginaldo Lopes,PT,MG,57,dep.reginaldolopes@camara.leg.br
220606,Reimont,PT,RJ,57,dep.reimont@camara.leg.br
178989,Renata Abreu,PODE,SP,57,dep.renataabreu@camara.leg.br
153423,Renilce Nicodemos,MDB,PA,57,dep.renilcenicodemos@camara.leg.br
73801,Renildo Calheiros,PCdoB,PE,57,dep.renildocalheiros@camara.leg.br
175765,Ribamar Silva,PODE,SP,57,dep.ribamarsilva@camara.leg.br
221329,Ricardo Abrão,PSDB,RJ,57,dep.ricardoabrao@camara.leg.br
220543,Ricardo Ayres,REPUBLICANOS,TO,57,dep.ricardoayres@camara.leg.br
73788,Ricardo Barros,PP,PR,57,dep.ricardobarros@camara.leg.br
204362,Ricardo Guidi,PL,SC,57,dep.ricardoguidi@camara.leg.br
220694,Ricardo Maia,MDB,BA,57,dep.ricardomaia@camara.leg.br
220633,Ricardo Salles,NOVO,SP,57,dep.ricardosalles@camara.leg.br
204489,Robério Monteiro,PSB,CE,57,dep.roberiomonteiro@camara.leg.br
220693,Roberta Roma,PL,BA,57,dep.robertaroma@camara.leg.br
220588,Roberto Duarte,REPUBLICANOS,AC,57,dep.robertoduarte@camara.leg.br
220613,Roberto Monteiro Pai,PL,RJ,57,dep.robertomonteiropai@camara.leg.br
220624,Robinson Faria,PP,RN,57,dep.robinsonfaria@camara.leg.br
220546,Rodolfo Nogueira,PL,MS,57,dep.rodolfonogueira@camara.leg.br
230767,Rodrigo da Zaeli,PL,MT,57,dep.rodrigodazaeli@camara.leg.br
141531,Rodrigo de Castro,UNIÃO,MG,57,dep.rodrigodecastro@camara.leg.br
220641,Rodrigo Gambale,PODE,SP,57,dep.rodrigogambale@camara.leg.br
141533,Rodrigo Rollemberg,PSB,DF,57,dep.rodrigorollemberg@camara.leg.br
165470,Rodrigo Valadares,PL,SE,57,dep.rodrigovaladares@camara.leg.br
220695,Rogéria Santos,REPUBLICANOS,BA,57,dep.rogeriasantos@camara.leg.br
204480,Rogério Correia,PT,MG,57,dep.rogeriocorreia@camara.leg.br
160629,Romero Rodrigues,PODE,PB,57,dep.romerorodrigues@camara.leg.br
204525,Rosana Valle,PL,SP,57,dep.rosanavalle@camara.leg.br
178945,Rosangela Gomes,REPUBLICANOS,RJ,57,dep.rosangelagomes@camara.leg.br
220644,Rosangela Moro,PL,SP,57,dep.rosangelamoro@camara.leg.br
220620,Rosângela Reis,PL,MG,57,dep.rosangelareis@camara.leg.br
74371,Rubens Otoni,PT,GO,57,dep.rubensotoni@camara.leg.br
178887,Rubens Pereira Júnior,PT,MA,57,dep.rubenspereirajunior@camara.leg.br
73604,Rui Falcão,PT,SP,57,dep.ruifalcao@camara.leg.br
160635,Ruy Carneiro,PODE,PB,57,dep.ruycarneiro@camara.leg.br
204535,Sâmia Bomfim,PSOL,SP,57,dep.samiabomfim@camara.leg.br
220631,Samuel Viana,UNIÃO,MG,57,dep.samuelviana@camara.leg.br
204416,Sanderson,PL,RS,57,dep.sanderson@camara.leg.br
160621,Sandro Alex,PSD,PR,57,dep.sandroalex@camara.leg.br
204387,Sargento Fahur,PL,PR,57,dep.sargentofahur@camara.leg.br
220621,Sargento Gonçalves,PL,RN,57,dep.sargentogoncalves@camara.leg.br
220618,Sargento Portugal,PODE,RJ,57,dep.sargentoportugal@camara.leg.br
220713,Saullo Vianna,MDB,AM,57,dep.saullovianna@camara.leg.br
226837,Saulo Pedroso,PSD,SP,57,dep.saulopedroso@camara.leg.br
73808,Sérgio Brito,PSD,BA,57,dep.sergiobrito@camara.leg.br
178933,Sergio Souza,MDB,PR,57,dep.sergiosouza@camara.leg.br
235776,Sérgio Turra,PP,RS,57,dep.sergioturra@camara.leg.br
204557,Sidney Leite,PSD,AM,57,dep.sidneyleite@camara.leg.br
204360,Silvia Cristina,PP,RO,57,dep.silviacristina@camara.leg.br
227310,Silvio Antonio,PL,MA,57,dep.silvioantonio@camara.leg.br
204425,Silvio Costa Filho,REPUBLICANOS,PE,57,dep.silviocostafilho@camara.leg.br
220569,Silvye Alves,UNIÃO,GO,57,dep.silvyealves@camara.leg.br
220651,Simone Marquetto,PP,SP,57,dep.simonemarquetto@camara.leg.br
104552,Socorro Neri,PP,AC,57,dep.socorroneri@camara.leg.br
220643,Sônia Guajajara,PSOL,SP,57,dep.soniaguajajara@camara.leg.br
178946,Soraya Santos,PL,RJ,57,dep.sorayasantos@camara.leg.br
178947,Sóstenes Cavalcante,PL,RJ,57,dep.sostenescavalcante@camara.leg.br
92776,Stefano Aguiar,PSD,MG,57,dep.stefanoaguiar@camara.leg.br
204534,Tabata Amaral,PSB,SP,57,dep.tabataamaral@camara.leg.br
220682,Tadeu Veneri,PT,PR,57,dep.tadeuveneri@camara.leg.br
204464,Talíria Petrone,PSOL,RJ,57,dep.taliriapetrone@camara.leg.br
220598,Tarcísio Motta,PSOL,RJ,57,dep.tarcisiomotta@camara.leg.br
220560,Thiago de Joaldo,REPUBLICANOS,SE,57,dep.thiagodejoaldo@camara.leg.br
220597,Thiago Flores,UNIÃO,RO,57,dep.thiagoflores@camara.leg.br
143084,Tiago Dimas,PODE,TO,57,dep.tiagodimas@camara.leg.br
220684,Tião Medeiros,PP,PR,57,dep.tiaomedeiros@camara.leg.br
160976,Tiririca,PSD,SP,57,dep.tiririca@camara.leg.br
178934,Toninho Wandscheer,PP,PR,57,dep.toninhowandscheer@camara.leg.br
157130,Túlio Gadêlha,PSD,PE,57,dep.tuliogadelha@camara.leg.br
160610,Valmir Assunção,PT,BA,57,dep.valmirassuncao@camara.leg.br
74376,Vander Loubet,PT,MS,57,dep.vanderloubet@camara.leg.br
235712,Vavá,AVANTE,MG,57,dep.vava@camara.leg.br
204396,Vermelho,PL,PR,57,dep.vermelho@camara.leg.br
137070,Vicentinho Júnior,PSDB,TO,57,dep.vicentinhojunior@camara.leg.br
141555,Vinicius Carvalho,PL,SP,57,dep.viniciuscarvalho@camara.leg.br
160591,Vinicius Gurgel,PL,AP,57,dep.viniciusgurgel@camara.leg.br
178992,Vitor Lippi,PSD,SP,57,dep.vitorlippi@camara.leg.br
91228,Waldemar Oliveira,AVANTE,PE,57,dep.waldemaroliveira@camara.leg.br
160569,Waldenor Pereira,PT,BA,57,dep.waldenorpereira@camara.leg.br
160518,Weliton Prado,PSD,MG,57,dep.welitonprado@camara.leg.br
74043,Wellington Roberto,PSD,PB,57,dep.wellingtonroberto@camara.leg.br
224333,Welter,PT,PR,57,dep.welter@camara.leg.br
220564,Yandra Moura,UNIÃO,SE,57,dep.yandramoura@camara.leg.br
220660,Yury do Paredão,MDB,CE,57,dep.yurydoparedao@camara.leg.br
230768,Zé Adriano,PP,AC,57,dep.zeadriano@camara.leg.br
220536,Zé Haroldo Cathedral,UNIÃO,RR,57,dep.zeharoldocathedral@camara.leg.br
204559,Zé Neto,PT,BA,57,dep.zeneto@camara.leg.br
160632,Zé Silva,UNIÃO,MG,57,dep.zesilva@camara.leg.br
220558,Zé Trovão,PL,SC,57,dep.zetrovao@camara.leg.br
204517,Zé Vitor,PL,MG,57,dep.zevitor@camara.leg.br
160592,Zeca Dirceu,PT,PR,57,dep.zecadirceu@camara.leg.br
220592,Zezinho Barbary,PP,AC,57,dep.zezinhobarbary@camara.leg.br
220552,Zucco,PL,RS,57,dep.zucco@camara.leg.br
